<?xml version="1.0" encoding="UTF-8"?>
<GenRun Id="ROM_sin_synth_1" LaunchPart="xc7s15ftgb196-1" LaunchTime="1596020821">
  <File Type="PA-TCL" Name="ROM_sin.tcl"/>
  <File Type="REPORTS-TCL" Name="ROM_sin_reports.tcl"/>
  <File Type="RDS-RDS" Name="ROM_sin.vds"/>
  <File Type="RDS-UTIL" Name="ROM_sin_utilization_synth.rpt"/>
  <File Type="RDS-UTIL-PB" Name="ROM_sin_utilization_synth.pb"/>
  <File Type="RDS-DCP" Name="ROM_sin.dcp"/>
  <FileSet Name="sources" Type="BlockSrcs" RelSrcDir="$PSRCDIR/ROM_sin">
    <File Path="$PSRCDIR/sources_1/ip/ROM_sin/ROM_sin.xci">
      <FileInfo>
        <Attr Name="UsedIn" Val="synthesis"/>
        <Attr Name="UsedIn" Val="implementation"/>
        <Attr Name="UsedIn" Val="simulation"/>
      </FileInfo>
    </File>
    <Config>
      <Option Name="TopModule" Val="ROM_sin"/>
      <Option Name="UseBlackboxStub" Val="1"/>
    </Config>
  </FileSet>
  <FileSet Name="constrs_in" Type="BlockSrcs" RelSrcDir="$PSRCDIR/ROM_sin">
    <File Path="$PSRCDIR/sources_1/ip/ROM_sin/ROM_sin.xci">
      <FileInfo>
        <Attr Name="UsedIn" Val="synthesis"/>
        <Attr Name="UsedIn" Val="implementation"/>
        <Attr Name="UsedIn" Val="simulation"/>
      </FileInfo>
    </File>
    <Config>
      <Option Name="TopModule" Val="ROM_sin"/>
      <Option Name="UseBlackboxStub" Val="1"/>
    </Config>
  </FileSet>
  <FileSet Name="utils" Type="Utils" RelSrcDir="$PSRCDIR/utils_1">
    <Filter Type="Utils"/>
    <Config>
      <Option Name="TopAutoSet" Val="TRUE"/>
    </Config>
  </FileSet>
  <Strategy Version="1" Minor="2">
    <StratHandle Name="Vivado Synthesis Defaults" Flow="Vivado Synthesis 2018"/>
    <Step Id="synth_design"/>
  </Strategy>
</GenRun>
